{"cameraMode":{"drawMode":0,"name":"Shaded","section":"Shading Mode"},"sceneLighting":true,"audioPlay":false,"sceneViewState":{"m_AlwaysRefresh":false,"showFog":true,"showSkybox":true,"showFlares":true,"showImageEffects":true,"showParticleSystems":true,"showVisualEffectGraphs":true,"m_FxEnabled":true},"in2DMode":false,"pivot":{"x":2.269195556640625,"y":0.9386072158813477,"z":-1.9643049240112305},"rotation":{"x":-0.04940013587474823,"y":0.9491922855377197,"z":-0.24470548331737519,"w":-0.19161924719810487},"size":8.873146057128907,"orthographic":false}